Element Type,Details,Link,Timestamp
Search Result,"aumuca cepillo para polvo para gatos con botón de liberación, cepillos para gatos de interior, cepillo para polvo para gatos de pelo largo o corto, cepillo para polvo de aseo de gatos, peine para gatitos y conejos, Blanco",https://www.amazon.com.mxhttps://aax-us-iad.amazon.com/x/c/RJWnyYcCifMNoNpaW-PxnzkAAAGP34pxQAEAAAH2AQBvbm9fdHhuX2JpZDQgICBvbm9fdHhuX2ltcDEgICDbxMEy/https://www.amazon.com.mx/aumuca-cepillo-liberaci%C3%B3n-cepillos-interior/dp/B098P6164W/ref=sxin_15_sbv_search_btf?__mk_es_MX=%C3%85M%C3%85%C5%BD%C3%95%C3%91&content-id=amzn1.sym.1a564967-142f-4464-95ea-10ef15b1772d%3Aamzn1.sym.1a564967-142f-4464-95ea-10ef15b1772d&cv_ct_cx=gato&dib=eyJ2IjoiMSJ9.HaMDk8D9x2DLj4IRIB4l2w.7HZ9g-5h1bKqHVBm9CIOZRHEf8P068X9LOK87979Yc0&dib_tag=se&keywords=gato&pd_rd_i=B098P6164W&pd_rd_r=2aec263b-0efd-4435-bc0d-a08c749b8c32&pd_rd_w=ugQ4K&pd_rd_wg=gi0v1&pf_rd_p=1a564967-142f-4464-95ea-10ef15b1772d&pf_rd_r=5EZYGRN3XH1TAC2Y6MM3&qid=1717442342&sbo=RZvfv%2F%2FHxDF%2BO5021pAnSA%3D%3D&sr=1-1-b8f34313-536f-475f-9207-a7c427a641c1&ufe=app_do%3Aamzn1.fos.242f5c11-6cfd-40d6-91f6-be3d1974080c,2024-06-03 13:19:08
Search Result,"KKX Juguetes para Gatos Bola de Gato Interactiva Inteligente,Pelota de Juguete Interactivo para Gatos, Bola Inteligente Recargable por USB",https://www.amazon.com.mxhttps://aax-us-iad.amazon.com/x/c/RLmlZcTMtfq14sVK5jh8QBQAAAGP34pwJgEAAAH2AQBvbm9fdHhuX2JpZDMgICBvbm9fdHhuX2ltcDEgICBiml2k/https://www.amazon.com.mx/KKX-Interactiva-Inteligente-Interactivo-Recargable/dp/B0C2V59H2Q/ref=sxbs_sbv_search_btf?__mk_es_MX=%C3%85M%C3%85%C5%BD%C3%95%C3%91&content-id=amzn1.sym.594422e0-2218-4c8c-9f3e-689b0db8bca9%3Aamzn1.sym.594422e0-2218-4c8c-9f3e-689b0db8bca9&cv_ct_cx=gato&dib=eyJ2IjoiMSJ9.Y5VQflUC5mUDlH_XKZcA3w.0pY_i_JUu3oTQJkOK6CXWmUrlGU35t71RGzYGPaz-xw&dib_tag=se&keywords=gato&pd_rd_i=B0C2V59H2Q&pd_rd_r=1a52ef5a-8d31-485a-8aab-0ee5015b0e44&pd_rd_w=ULU9x&pd_rd_wg=xdzcq&pf_rd_p=594422e0-2218-4c8c-9f3e-689b0db8bca9&pf_rd_r=5EZYGRN3XH1TAC2Y6MM3&qid=1717442342&sbo=RZvfv%2F%2FHxDF%2BO5021pAnSA%3D%3D&sr=1-1-9a53390b-0a0a-452a-845e-94e76296c129&ufe=app_do%3Aamzn1.fos.242f5c11-6cfd-40d6-91f6-be3d1974080c,2024-06-03 13:19:08
Header,"1 a 48 de más de 100,000 resultados para ""gato""














Ordenar por:
Destacados
Precio: de menor a mayor
Precio: de mayor a menor
Promedio Opinión del cliente
Llegadas más recientes
Ordenar por:Destacados
Ir",,2024-06-03 13:19:08
Header,CLEAN & DRY Arena Aglutinante con Aroma 5Kg,,2024-06-03 13:19:08
Header,"Cepillo Vapor eléctrico para perro, Cepillo de gato de vapor auto limpieza, Cepillo vapor para mascotas para masaje, Cepillos de Aseo para Mascotas, Para depilación, masaje y peinado de mascotas.",,2024-06-03 13:19:08
Header,"DOBEVI Caja de Arena para Gatos Cerrada Caja de Arena para Gatos de plástico de 50×35×15 CM con Tapa, Equipada con luz Ultravioleta, Pala de Arena fácil de Limpiar, a Prueba de olores y Salpicaduras",,2024-06-03 13:19:08
Header,"aumuca cepillo para polvo para gatos con botón de liberación, cepillos para gatos de interior, cepillo para polvo para gatos de pelo largo o corto, cepillo para polvo de aseo de gatos, peine para gatitos y conejos, Blanco",,2024-06-03 13:19:08
Header,"Cepillo de Perros Gato, AUGUSTYUE Cepillos de Aseo para Mascotas para Perros y Gatos Removedor de Pelo con Flexible de Acero Inoxidable y Puntos de Goma, Shedding Tool para Gatos, Perros, Conejos (Gray)",,2024-06-03 13:19:08
Header,"LKUWEE Bebedero para Gato, 304 Acero Inoxidable Fuente para Gato, 67oz/2 L, Ultrasilencioso y Sistema de Filtración de Agua Circulante de Fuente de Agua para Gatos, Dispensador de Agua para Perro",,2024-06-03 13:19:08
Header,"Raganet, Kit de 20 Juguetes para Gato, Incluye Túnel de 120cm, Palo Guía, Pelotas, Ratones y Mas",,2024-06-03 13:19:08
Header,"Uno Dos Treats, CatGrass Seeds Pasto De Trigo Para Gatos",,2024-06-03 13:19:08
Header,Foam de limpieza en seco Gato Consentido 150ml,,2024-06-03 13:19:08
Header,"LINEVEO Catnip Ball, Juguetes con Hierba Gatera, Juguete para Gatos Interactivos, Bocadillos para Gato para Limpiar los Dientes (Gris)",,2024-06-03 13:19:08
Header,"NEWHEY Árbol para Gatos 48 * 31 * 39.5cm, Torre para Gatos de Varios Niveles con Postes para rascar Gatos, Centro de Actividades para Gatitos, casa de Juegos para Gatitos, Gatos Muebles de Torre Gris",,2024-06-03 13:19:08
Header,"AUGUSTYUE Estera de arena para gatos, tapete para atrapar Arena para Gatos, alfombrilla de doble capa para cat litter catch mat, más fácil de limpiar, lavable (45 * 60 cm)",,2024-06-03 13:19:08
Header,Cuenco Del Doble Comedero Gato Plataforma Inclinada De 15° Antideslizante Cuello Inclinable TazóN Protector Del Alimento Para Mascotas Con Cucharada De Comida Comederos Perros PequeñOs Gatos Bebedero,,2024-06-03 13:19:08
Header,JUGUETE CAÑA C/RATON P/GATO ECOPLAY,,2024-06-03 13:19:08
Header,"Un Dos Treats, Catgrass, Pasto de Trigo para Gatos",,2024-06-03 13:19:08
Header,Fancy Pets Rascador de Onda para Gato con 44 Centímetros,,2024-06-03 13:19:08
Header,Fancy Pets Rascador Cama Circular para Gatos 50 Centímetros,,2024-06-03 13:19:08
Header,"PUBAMALL Túnel para Gatos, Juguete para túneles Extensible Plegable para Jugar con Gatos, Conejos, Perros (120cm, Arcoiris)",,2024-06-03 13:19:08
Header,CLEAN & DRY Arena Super Premium 3.3Kg,,2024-06-03 13:19:08
Header,Fancypets Fancy Pets Neutralizador de Olores para Arenero de Gato con 250 Mililítros,,2024-06-03 13:19:08
Header,Gato con Botas: El Último Deseo,,2024-06-03 13:19:08
Header,"dognut - 12 Bolsas para Arenero de Gatos, Cómodas, Fácil de limpiar, Resistentes, 50 x 40 cms, Blancas, sin aroma, 12 Pzas, Fuertes, Protege Bandejas de Arena de Gatitos, Conejos y demás mascotas (12)",,2024-06-03 13:19:08
Header,"Puerta de visualización reforzada para gatos, 38 x 83 pulgadas, resistente a prueba de mascotas, con cierre bilateral, evita que los perros y gatos salgan de casa, recámara, sala de estar, cocina, puerta de patio",,2024-06-03 13:19:08
Header,"Feandrea Árbol para Gatos, Torre de Gatos de 206 cm de Altura con 13 Poste, 2 Plataformas, 2 Cuevas, Hamaca, Cesta, Pompón, Multinivel, para Gatos Grandes, Gris Ahumado MPCT190G01",,2024-06-03 13:19:08
Header,"Feandrea Árbol Pequeño para Gatos, con Poste para Rascar, Cubierta de Felpa, Gris Antracita MPCT59G",,2024-06-03 13:19:08
Header,"Juego de 20 juguetes para gatos y gatitos, Cat toys, túneles de gato plegables para gatos de interior, juguete interactivo de plumas de gato, bolas de ratón mullidas, juguetes para gatos, cachorros, gatitos",,2024-06-03 13:19:08
Header,"Inaba Churu Premios para Gato Sabor Atún, Puré Cremoso, Delicioso Sabor, Caja 6 Bolsas, 24 tubos de 14 grs c/u",,2024-06-03 13:19:08
Header,"TECHVIDA Collar de Plata S925 Luna Gato, Collar con Colgante de Gato y Luna para Mujeres con Joyería Fina - Incluye Caja para Regalo, Collar Amistad collar para Esposa Novia Hija Día de la Madre",,2024-06-03 13:19:08
Header,"AZULDIMEN Airtag Collar para Gato, con Timbre y Hebilla de liberación automática de Seguridad, Reflectante y Rango Ajustable de 22-32cm. Collar Duradero de PU y Nylon para Gatos. (Negro)",,2024-06-03 13:19:08
Header,Purina Fancy Feast alimento húmedo en sobre Casserole Atun y Salmón/ 12 x 85g,,2024-06-03 13:19:08
Header,"DAQI Fuente de Agua para Gatos de Acero Inoxidable, 80 oz / 2,4 litros LED para Mascotas con 4 Filtros de Repuesto y con Flor y Ventana de Nivel de Agua,para Gatos, Perros Varias Mascotas",,2024-06-03 13:19:08
Header,"Purina Cat Chow Comida para Gato con Salmon, Carne y Pollo - 1 x 15.0 kg",,2024-06-03 13:19:08
Header,Fancy Pets Set de 2 Platos para Gatos Inclinados y Elevados para Agua y Comida,,2024-06-03 13:19:08
Header,One Gato Super Alimento 24x85g (Salmón),,2024-06-03 13:19:08
Header,Fancy Pets Rascador Recto para Gatos 43 Centímetros,,2024-06-03 13:19:08
Header,Fancy Pets Catnip para Gato o Hierba Gatera con 28 Gramos,,2024-06-03 13:19:08
Header,"Rabbitgoo Pechera para Gato Correa para Gato para Caminar, Arneses de Chaleco Ajustables Suaves a Prueba de Escape para Gatos Medianos Grandes,Chaqueta de Seguridad para Mascotas Transpirable Negro XS",,2024-06-03 13:19:08
Header,"Nupec Comida para Felino Adul Indoor, 5 kg",,2024-06-03 13:19:08
Header,"Bluelander Torre para Gatos de 1.3 M de Altura, Arbol para Gatos de Múltiples Niveles, Rascador para Gatos, Escaleras, Repisas, Cueva y Hamaca, Superficies Sólidas y Afelpadas, Cuerda de Yute (Gris)",,2024-06-03 13:19:08
Header,"Cepillo Vapor eléctrico para gato, Cepillo de perro de vapor auto limpieza, Cepillo vapor para mascotas para masaje, Cepillos de Aseo para Mascotas, Para depilación, masaje y peinado de mascotas",,2024-06-03 13:19:08
Header,Natures Miracle Spray calmante para Gato 236ml,,2024-06-03 13:19:08
Header,Minino Plus Multietapa 10 kg Alimento de calidad profesional,,2024-06-03 13:19:08
Header,"Paquete de 10 rascadores para gatos, cinta antiarañazos para gatos, repelente de gatos para muebles, protector de sofá para gatos, almohadilla para raspar gatos, cinta de entrenamiento para gatos, protector para sofá, alfombra, puertas, apto para mascotas y niños",,2024-06-03 13:19:08
Header,"Nupec Alimento Seco para Gato Adulto, 3 kg, 1 Pack",,2024-06-03 13:19:08
Header,"Whiskas Alimento Húmedo para Gatos, Sabor Filetes De Atún 85g c/u. Paquete de 24 Unidades",,2024-06-03 13:19:08
Header,"IRIS USA Bandeja de Arena Grande de Tapa Abierta con Pala y Protección contra Esparcimiento, Bandeja de Arena Abierta de Gatos con Aire Libre, Resistente y Fácil de Limpiar, Negro",,2024-06-03 13:19:08
Header,"SOCATER Difusor calmante de feromonas para gatos, 2 paquetes de repuestos de feromonas para gatos, alivia eficazmente la ansiedad y el estrés, reduce la agresión, 48 ml de repuesto difusor calmante",,2024-06-03 13:19:08
Header,Purina Cat Chow Comida para Gato Adulto Hogareños Carne 3Kg,,2024-06-03 13:19:08
Header,"GAMAXIMA Fuente de Agua para Gato, 304 Acero Inoxidable Bebedero para Gato Perro, 68oz/2 L Fuente para Gato, Bebedero con Doble Grifo y Bomba Silenciosa para Gatos,Perros y Varias Mascotas",,2024-06-03 13:19:08
Header,Gato Tiene Sueño,,2024-06-03 13:19:08
Header,"¡Hey Karen! Arena para Gato 5 kg, Premium Control Total, Rápida Absorción de líquidos, Eliminación Total de olores al Contacto, Libre de Polvo, con Aroma",,2024-06-03 13:19:08
Header,"YAUYAP Poste Rascado, 21,25 Pulgadas Rascador para Gatos Cactus, Rascador De Cactus para Todos Los Gatos",,2024-06-03 13:19:08
Header,"Fancy Pets Kit Inicial para Gato Incluye ARENERO, Arena 3 Kilos, Pala Y NEUTRALIZADOR DE OLORES para ARENERO",,2024-06-03 13:19:08
Header,Hisemy Fuente para Gatos，Apagado Automático sin Agua Fuente de Agua para Gatos y Perros con Luz Indicadora，83oz/2.5L Fuente de Agua para Gatos Perros，con 2 Filtros Higiénicos，sin BPA,,2024-06-03 13:19:08
Header,"LONGLIV Cuenco Elevado para Perro y Gato, Comedero Elevado de 5 Alturas Ajustable Perro, Antiderrame y Antideslizante, Cuenco de Acero Inoxidable + Cuenco de Comida Lenta + Cuenco Flotante (4 en 1)",,2024-06-03 13:19:08
Header,"Feandrea Árbol para Gatos con Arenero, Rascador Moderno para Gatos 2 en 1, Arenero Oculto, Casa para Gatos, Palos con Pompones Movibles, Gris MPCT113G01",,2024-06-03 13:19:08
Header,"GAMAXIMA Fuente de Agua para Gato, 304 Acero Inoxidable Bebedero para Gato Perro, 68oz/2 L Fuente para Gato, Bebedero con Doble Grifo y Bomba Silenciosa para Gatos,Perros y Varias Mascotas",,2024-06-03 13:19:08
Header,"Raganet, Árbol Trepador y Rascador para Gatos, Torre de Actividades de Varios Niveles, Castillo con Escaleras, Hamaca, Cubiertas de Felpa, Seguro y Duradero de 140cm Alto X 50cm Largo (Color Cafe)",,2024-06-03 13:19:08
Header,"Feandrea Árbol para Gatos, XXL, 164 cm, Gris Ahumado MPCT087G01",,2024-06-03 13:19:08
Header,Placas de Identificación para Perros Gatos Personalizadas Encantador Símbolos Collares Accesorio para Mascotas Nombre Sencillo Personalizado Grabado Suministros para Extra Pequeño Niño de Cuatro Patas Collar Cadena Antipérdida Acero Inoxidable 316L Encanto,,2024-06-03 13:19:08
Header,"Feandrea Árbol para Gatos de 191 cm de Altura, Rascador para Gatos con 5 Postes, Felpa Multicapa, 2 Plataformas, 2 Cuevas, Hamaca, 2 Pompones, Gris Ahumado MPCT191G01",,2024-06-03 13:19:08
Header,"KKX Juguetes para Gatos Bola de Gato Interactiva Inteligente,Pelota de Juguete Interactivo para Gatos, Bola Inteligente Recargable por USB",,2024-06-03 13:19:08
Input Field,"Type: hidden, Name: dropdown-selection",,2024-06-03 13:19:08
Input Field,"Type: hidden, Name: dropdown-selection-ubb",,2024-06-03 13:19:08
Input Field,"Type: hidden, Name: glow-validation-token",,2024-06-03 13:19:08
Input Field,"Type: hidden, Name: glow-destination-type",,2024-06-03 13:19:08
Input Field,"Type: hidden, Name: __mk_es_MX",,2024-06-03 13:19:08
Input Field,"Type: text, Name: field-keywords",,2024-06-03 13:19:08
Input Field,"Type: submit, Name: unnamed",,2024-06-03 13:19:08
Input Field,"Type: hidden, Name: k",,2024-06-03 13:19:08
Input Field,"Type: hidden, Name: __mk_es_MX",,2024-06-03 13:19:08
Input Field,"Type: hidden, Name: qid",,2024-06-03 13:19:08
Input Field,"Type: hidden, Name: ref",,2024-06-03 13:19:08
Input Field,"Type: submit, Name: unnamed",,2024-06-03 13:19:08
Input Field,"Type: checkbox, Name: ",,2024-06-03 13:19:08
Input Field,"Type: checkbox, Name: ",,2024-06-03 13:19:08
Input Field,"Type: checkbox, Name: ",,2024-06-03 13:19:08
Input Field,"Type: checkbox, Name: ",,2024-06-03 13:19:08
Input Field,"Type: checkbox, Name: ",,2024-06-03 13:19:08
Input Field,"Type: checkbox, Name: ",,2024-06-03 13:19:08
Input Field,"Type: checkbox, Name: ",,2024-06-03 13:19:08
Input Field,"Type: checkbox, Name: ",,2024-06-03 13:19:08
Input Field,"Type: checkbox, Name: ",,2024-06-03 13:19:08
Input Field,"Type: checkbox, Name: ",,2024-06-03 13:19:08
Input Field,"Type: checkbox, Name: ",,2024-06-03 13:19:08
Input Field,"Type: checkbox, Name: ",,2024-06-03 13:19:08
Input Field,"Type: checkbox, Name: ",,2024-06-03 13:19:08
Input Field,"Type: checkbox, Name: ",,2024-06-03 13:19:08
Input Field,"Type: checkbox, Name: ",,2024-06-03 13:19:08
Input Field,"Type: checkbox, Name: ",,2024-06-03 13:19:08
Input Field,"Type: checkbox, Name: ",,2024-06-03 13:19:08
Input Field,"Type: checkbox, Name: ",,2024-06-03 13:19:08
Input Field,"Type: checkbox, Name: ",,2024-06-03 13:19:08
Input Field,"Type: checkbox, Name: ",,2024-06-03 13:19:08
Input Field,"Type: checkbox, Name: ",,2024-06-03 13:19:08
Input Field,"Type: checkbox, Name: ",,2024-06-03 13:19:08
Input Field,"Type: checkbox, Name: ",,2024-06-03 13:19:08
Input Field,"Type: checkbox, Name: ",,2024-06-03 13:19:08
Input Field,"Type: checkbox, Name: ",,2024-06-03 13:19:08
Input Field,"Type: checkbox, Name: ",,2024-06-03 13:19:08
Input Field,"Type: checkbox, Name: ",,2024-06-03 13:19:08
Input Field,"Type: checkbox, Name: ",,2024-06-03 13:19:08
Input Field,"Type: checkbox, Name: ",,2024-06-03 13:19:08
Input Field,"Type: checkbox, Name: ",,2024-06-03 13:19:08
Input Field,"Type: checkbox, Name: ",,2024-06-03 13:19:08
Input Field,"Type: checkbox, Name: ",,2024-06-03 13:19:08
Input Field,"Type: checkbox, Name: ",,2024-06-03 13:19:08
Input Field,"Type: checkbox, Name: ",,2024-06-03 13:19:08
Input Field,"Type: checkbox, Name: ",,2024-06-03 13:19:08
Input Field,"Type: checkbox, Name: ",,2024-06-03 13:19:08
Input Field,"Type: checkbox, Name: ",,2024-06-03 13:19:08
Input Field,"Type: checkbox, Name: ",,2024-06-03 13:19:08
Input Field,"Type: checkbox, Name: ",,2024-06-03 13:19:08
Input Field,"Type: checkbox, Name: ",,2024-06-03 13:19:08
Input Field,"Type: checkbox, Name: ",,2024-06-03 13:19:08
Input Field,"Type: hidden, Name: k",,2024-06-03 13:19:08
Input Field,"Type: hidden, Name: __mk_es_MX",,2024-06-03 13:19:08
Input Field,"Type: hidden, Name: qid",,2024-06-03 13:19:08
Input Field,"Type: hidden, Name: rnid",,2024-06-03 13:19:08
Input Field,"Type: hidden, Name: ref",,2024-06-03 13:19:08
Input Field,"Type: hidden, Name: low-price",,2024-06-03 13:19:08
Input Field,"Type: hidden, Name: high-price",,2024-06-03 13:19:08
Input Field,"Type: range, Name: unnamed",,2024-06-03 13:19:08
Input Field,"Type: range, Name: unnamed",,2024-06-03 13:19:08
Input Field,"Type: submit, Name: unnamed",,2024-06-03 13:19:08
Input Field,"Type: checkbox, Name: ",,2024-06-03 13:19:08
Input Field,"Type: checkbox, Name: ",,2024-06-03 13:19:08
Input Field,"Type: checkbox, Name: ",,2024-06-03 13:19:08
Input Field,"Type: checkbox, Name: ",,2024-06-03 13:19:08
Input Field,"Type: checkbox, Name: ",,2024-06-03 13:19:08
Input Field,"Type: checkbox, Name: ",,2024-06-03 13:19:08
Input Field,"Type: checkbox, Name: ",,2024-06-03 13:19:08
Input Field,"Type: checkbox, Name: ",,2024-06-03 13:19:08
Input Field,"Type: checkbox, Name: ",,2024-06-03 13:19:08
Input Field,"Type: checkbox, Name: ",,2024-06-03 13:19:08
Input Field,"Type: checkbox, Name: ",,2024-06-03 13:19:08
Input Field,"Type: checkbox, Name: ",,2024-06-03 13:19:08
Input Field,"Type: checkbox, Name: ",,2024-06-03 13:19:08
Input Field,"Type: checkbox, Name: ",,2024-06-03 13:19:08
Input Field,"Type: hidden, Name: ue_back",,2024-06-03 13:19:08
Button,,,2024-06-03 13:19:08
Button,,,2024-06-03 13:19:08
